Hand,win%,tie%,loss%
22 Offsuit,18.0,0.7,81.3
23 Offsuit,9.7,2.0,88.3
24 Offsuit,10.3,2.1,87.6
25 Offsuit,10.5,2.3,87.2
26 Offsuit,9.4,2.2,88.3
27 Offsuit,8.7,2.5,88.8
28 Offsuit,9.7,2.7,87.6
29 Offsuit,10.9,2.7,86.4
210 Offsuit,12.0,2.8,85.3
2J Offsuit,13.2,2.8,84.1
2Q Offsuit,16.6,2.9,80.5
2K Offsuit,19.5,3.4,77.1
2A Offsuit,25.4,4.1,70.5
33 Offsuit,19.1,0.7,80.2
34 Offsuit,12.3,2.3,85.4
35 Offsuit,12.7,2.4,84.9
36 Offsuit,11.7,2.1,86.2
37 Offsuit,9.9,2.5,87.6
38 Offsuit,10.4,2.4,87.1
39 Offsuit,11.5,2.7,85.8
310 Offsuit,12.3,2.8,84.9
3J Offsuit,13.5,3.0,83.5
3Q Offsuit,15.9,3.3,80.8
3K Offsuit,18.8,3.3,77.9
3A Offsuit,25.1,4.1,70.8
44 Offsuit,20.5,0.7,78.9
45 Offsuit,13.2,2.7,84.1
46 Offsuit,13.0,2.4,84.6
47 Offsuit,11.4,2.5,86.1
48 Offsuit,10.9,2.5,86.6
49 Offsuit,10.7,2.7,86.6
410 Offsuit,12.6,3.1,84.3
4J Offsuit,13.8,3.2,83.0
4Q Offsuit,15.9,3.3,80.8
4K Offsuit,20.5,3.5,75.9
4A Offsuit,25.8,4.2,70.0
55 Offsuit,20.3,0.8,78.9
56 Offsuit,13.7,2.5,83.8
57 Offsuit,13.9,2.6,83.6
58 Offsuit,12.6,2.6,84.8
59 Offsuit,12.0,2.9,85.1
510 Offsuit,11.8,3.1,85.1
5J Offsuit,13.4,3.0,83.5
5Q Offsuit,16.1,3.6,80.3
5K Offsuit,20.3,3.7,76.0
5A Offsuit,26.4,4.0,69.6
66 Offsuit,21.5,0.8,77.7
67 Offsuit,14.6,2.6,82.8
68 Offsuit,13.6,2.7,83.7
69 Offsuit,13.6,2.8,83.6
610 Offsuit,13.5,2.8,83.7
6J Offsuit,14.3,3.2,82.4
6Q Offsuit,16.7,3.1,80.2
6K Offsuit,19.9,3.6,76.5
6A Offsuit,25.6,3.9,70.5
77 Offsuit,22.5,0.7,76.8
78 Offsuit,14.8,2.8,82.4
79 Offsuit,14.7,2.6,82.7
710 Offsuit,14.8,2.9,82.4
7J Offsuit,15.3,2.9,81.8
7Q Offsuit,16.9,3.1,80.0
7K Offsuit,21.2,3.8,75.0
7A Offsuit,26.0,4.2,69.8
88 Offsuit,23.6,0.8,75.6
89 Offsuit,16.2,2.5,81.3
810 Offsuit,16.5,2.6,80.9
8J Offsuit,17.5,2.9,79.6
8Q Offsuit,17.9,3.4,78.7
8K Offsuit,21.1,3.0,75.9
8A Offsuit,26.6,3.6,69.8
99 Offsuit,25.2,0.8,74.0
910 Offsuit,18.0,2.8,79.3
9J Offsuit,18.8,2.8,78.3
9Q Offsuit,21.0,2.8,76.2
9K Offsuit,22.9,3.3,73.8
9A Offsuit,26.2,3.6,70.3
1010 Offsuit,28.3,1.0,70.7
10J Offsuit,21.0,2.6,76.4
10Q Offsuit,22.3,2.6,75.1
10K Offsuit,25.5,2.9,71.7
10A Offsuit,28.0,3.1,68.9
JJ Offsuit,32.5,0.8,66.7
JQ Offsuit,22.9,2.4,74.7
JK Offsuit,25.8,2.3,71.9
JA Offsuit,30.2,3.0,66.8
QQ Offsuit,37.9,0.7,61.4
QK Offsuit,26.8,2.3,70.9
QA Offsuit,30.9,2.7,66.4
KK Offsuit,44.5,0.6,54.9
KA Offsuit,32.2,2.5,65.3
AA Offsuit,55.6,0.6,43.9
23 Suited,13.9,1.8,84.3
24 Suited,14.9,2.0,83.0
25 Suited,14.8,2.5,82.7
26 Suited,14.3,2.2,83.5
27 Suited,13.1,2.4,84.5
28 Suited,14.3,2.4,83.4
29 Suited,15.2,2.4,82.4
210 Suited,16.0,2.8,81.3
2J Suited,18.2,2.6,79.2
2Q Suited,20.8,2.8,76.4
2K Suited,23.1,3.2,73.7
2A Suited,29.0,3.9,67.1
34 Suited,15.7,2.4,82.0
35 Suited,15.7,2.4,82.0
36 Suited,15.1,2.3,82.6
37 Suited,15.4,2.1,82.4
38 Suited,14.6,2.5,82.9
39 Suited,14.8,2.4,82.8
310 Suited,16.4,2.8,80.8
3J Suited,18.3,3.0,78.6
3Q Suited,20.0,2.9,77.1
3K Suited,23.8,3.4,72.8
3A Suited,29.5,3.8,66.6
45 Suited,17.3,2.5,80.1
46 Suited,16.3,2.5,81.3
47 Suited,15.8,2.6,81.6
48 Suited,15.1,2.3,82.5
49 Suited,15.4,2.7,82.0
410 Suited,16.1,2.6,81.2
4J Suited,18.2,2.9,78.9
4Q Suited,19.9,3.0,77.2
4K Suited,23.8,3.7,72.5
4A Suited,29.8,3.8,66.3
56 Suited,17.4,2.8,79.8
57 Suited,17.5,2.7,79.7
58 Suited,16.3,2.6,81.1
59 Suited,16.2,3.0,80.8
510 Suited,16.7,3.1,80.3
5J Suited,17.9,2.9,79.2
5Q Suited,20.1,3.3,76.6
5K Suited,23.5,3.9,72.6
5A Suited,30.0,4.5,65.5
67 Suited,17.5,2.7,79.8
68 Suited,17.6,2.6,79.8
69 Suited,17.9,2.5,79.6
610 Suited,18.5,2.8,78.6
6J Suited,18.9,2.8,78.3
6Q Suited,20.8,3.2,76.0
6K Suited,24.4,3.7,71.9
6A Suited,29.3,4.0,66.7
78 Suited,18.6,2.4,79.0
79 Suited,18.8,2.8,78.4
710 Suited,18.9,2.7,78.4
7J Suited,19.6,2.9,77.5
7Q Suited,20.1,3.2,76.8
7K Suited,24.5,3.5,72.0
7A Suited,29.4,3.7,66.9
89 Suited,19.8,2.8,77.4
810 Suited,20.8,2.8,76.4
8J Suited,20.9,2.8,76.3
8Q Suited,22.2,2.8,74.9
8K Suited,24.1,3.3,72.6
8A Suited,29.8,3.8,66.4
910 Suited,22.3,2.6,75.2
9J Suited,22.9,3.0,74.1
9Q Suited,23.4,2.9,73.7
9K Suited,26.4,3.0,70.7
9A Suited,30.6,3.1,66.3
10J Suited,24.0,2.6,73.4
10Q Suited,26.1,2.9,71.1
10K Suited,28.6,2.9,68.5
10A Suited,32.2,3.1,64.6
JQ Suited,26.4,2.3,71.3
JK Suited,29.3,2.7,68.0
JA Suited,32.9,2.6,64.4
QK Suited,29.5,2.2,68.3
QA Suited,33.5,2.6,63.9
KA Suited,35.5,2.3,62.2